,items,type,veg/non-veg,Calcium,Calories,Carbohydrates,Carotene Vitamin A,Chlorine,Choline,Chromium,Copper,Fat,Fibre,Folic Acid Free,Iron,Magnesium,Manganese,Molybdenum,Niacin B3,Phosphorus,Potassium,Protein,Pyridoxin B6,Riboflavin B2,Sodium,Sulphur,ThiamineB1,Vitamin C,Water,Zink,Vitamin A RAE,Quantity
0,Seb (Apple),f,,10,59,13.4,0,1,321,0.01,0.1,0.5,1,0,0.66,7,0.14,0,0,14,75,0.2,0,0,28,7,0,1,84.6,0.06,0,Amount per 100 g. of edible portion
1,Aalu (Potato),,,10,97,22.6,24,16,100,0.01,0.16,0.1,0.4,3,0.5,30,0.13,0.07,1.2,40,247,1.6,0,0.01,11,37,0.1,17,74.7,0.53,2,Amount per 100 g. of edible portion
2,Aam (Mango),f,,14,74,60.9,2743,3,0,0.01,0.11,0.4,0.7,0,1.3,270,0.13,0,0.9,16,205,0.6,0,0.09,26,17,0.08,16,81,0.27,229,Amount per 100 g. of edible portion
3,Akrod (Walnut),f,,100,687,11,6,0,0,0.1,1.67,64.5,2.6,0,2.6,302,2.62,0,1,380,0,15.6,0,0.4,0,0,0.45,0,4.5,2.32,1,Amount per 100 g. of edible portion
4,Alsee (Flax) Seeds,f,,170,530,28.9,30,0,0,0,0,37.1,4.8,0,2.7,0,0,0,1,370,0,20.3,0,0.07,0,0,0.23,0,6.5,0,3,Amount per 100 g. of edible portion
5,Alubukhara (Plum),f,,10,52,11.1,166,0,0,0,0.13,0.5,0.4,0,0.6,147,0,0,0.3,12,247,0.7,0,0.1,0.8,33,0.04,5,86.9,0,14,Amount per 100 g. of edible portion
6,Amla (Indian Gooseberry),f,,50,58,13.7,9,0,256,0,0,0.1,3.4,0,1.2,0,0,0,0.2,20,225,0.5,0,0.01,5,0,0.03,600,81.8,0,1,Amount per 100 g. of edible portion
7,Anaar (Pomegranate),f,,10,65,14.5,0,2,0,0.02,0.34,0.1,5,0,1.8,44,0.77,0,0.3,70,133,1.6,0,0.1,0.9,12,0.06,16,78,0.82,0,Amount per 100 g. of edible portion
8,Ananas (Pineapple),f,,20,46,10.8,18,13,8,0.01,0.13,0.1,0.5,0,2.4,33,0.56,0,0.1,9,37,0.4,0,0.12,34.7,20,0.2,39,87.8,0.11,2,Amount per 100 g. of edible portion
9,Anda (Egg) (Hen),,,60,173,0,420,0,0,0,0,13.3,0,70,2.1,0,0,0,0.1,220,0,13.3,0,0.4,0,0,0.1,0,73.7,0,35,Amount per 100 g. of edible portion
10,Angoor (Grapes) (Black),f,,20,58,13.1,3,0,0,0,0,0.4,2.8,0,0.5,0,0,0,0.2,23,0,0.6,0,0.03,0,0,0.04,1,82.2,0,0,Amount per 100 g. of edible portion
11,Angoor (Grapes) (Green),f,,20,71,16.5,0,0,0,0.01,0.2,0.3,2.9,0,0.5,82,0.11,0,0,30,0,0.5,0,0,0,0,0,1,79.2,0.1,0,Amount per 100 g. of edible portion
12,Anjeer (Figs),f,,80,37,7.6,162,0,0,0,0,0.2,2.2,0,1,0,0,0,0.6,30,0,1.3,0,0.05,0,0,0.06,5,88.1,0,14,Amount per 100 g. of edible portion
13,"Arhar, Tuar (Red Gram) Daal",,,73,335,57,132,5,183,0,1.2,1.7,1.5,19,2.7,90,0.68,0.28,2.9,304,1104,22.3,0.54,0.19,28.5,177,0.45,0,13.4,0.9,11,Amount per 100 g. of edible portion
14,Arvi Ka Saag (Colocasia Leaves),s,,460,77,8.1,12000,72,0,0.01,0.18,2,1.8,0,0.98,32,0,0,1.9,125,0,6.8,0,0.45,0,0,0.06,63,78.8,0,1000,Amount per 100 g. of edible portion
15,Badam (Almond),f,,230,655,10.5,0,0,0,0.16,0.97,58.9,1.7,0,5.1,373,1.88,0,4.4,490,0,20.8,0,0.57,0,0,0.24,0,5.2,3.57,0,Amount per 100 g. of edible portion
16,Baingan (Brinjal),,,18,24,4,74,52,52,0.01,0.12,0.3,1.3,5,0.38,15,0.13,0,0.9,47,200,1.4,0,0.11,3,44,0.04,12,92.7,0.22,6,Amount per 100 g. of edible portion
17,Bajra (Pearl Millet),b,,42,361,67.5,132,39,0,0.02,1.06,5,1.2,14,8,137,1.15,0.07,2.3,296,307,11.6,0,0.25,11,147,0.33,0,12.4,3.1,11,Amount per 100 g. of edible portion
18,Bakla (French Beans) Green,s,,50,26,4.5,132,10,0,0.01,0.06,0.1,1.8,15,0.6,38,0.12,0.02,0.3,28,120,1.7,0,0.06,4.3,37,0.08,24,91.4,0.42,11,Amount per 100 g. of edible portion
19,Bakri ka Doodh (Goat Milk),,,170,72,4.6,55,0,0,0,0,4.5,0,0.7,0.3,0,0,0,0.3,120,110,3.3,0,0.04,11,0,0.05,1,86.8,0,5,Amount per 100 g. of edible portion
20,Bakri ka Gosht (Mutton),,,150,194,0,9,0,0,0,0,13.3,0,1,2.5,0,0,0,6.8,150,270,18.5,0,0.14,33,0,0.18,0,71.5,0,1,Amount per 100 g. of edible portion
21,"Ber (Bor), Zizyphus",f,,4,74,17,21,0,0,0.01,0.12,0.3,0,0,0.5,13,0.17,0,0.7,9,0,0.8,0,0.05,0,0,0.02,76,81.6,0.11,2,Amount per 100 g. of edible portion
22,Bhindi (Lady Finger),,,66,35,64,52,41,0,0.01,0.11,0.2,1.2,25,0.35,53,0.15,0,0.6,56,103,1.9,0,0.1,7,30,0.07,13,89.6,0.42,4,Amount per 100 g. of edible portion
23,Bombil (Bombay Duck) (Dry),,,1389,293,2.5,0,0,0,0,0,4,0,0,19.5,0,0,0,0,240,0,61.7,0,0,0,0,0,0,16.7,0,0,Amount per 100 g. of edible portion
24,Bread(White),b,,11,245,51.9,0,27,14.6,0,0.13,0.7,0.2,25,1.1,23,0.38,0,0.7,99,119,7.8,0.1,0.3,27,70,0.07,0,39,0.62,0,Amount per 100 g. of edible portion
25,Chachinda (Snake Gourd),s,,26,18,3.3,96,21,0,0,0.27,0.3,0.8,7.5,1.51,28,0.14,0,0.3,20,34,0.5,0,0.06,25.4,35,0.04,0,94.6,0.31,8,Amount per 100 g. of edible portion
26,Chana (Bengal Gram),s,,202,360,60.9,189,58,194,0.01,1.18,5.3,3.9,34,4.6,119,1.21,0.15,2.9,312,808,17.1,0,0.15,37.2,179,0.3,3,9.8,6.1,16,Amount per 100 g. of edible portion
27,Chana (Bengal Gram) Daal,s,,56,372,59.8,129,39,0,0,1.34,5.6,1.2,32,5.3,130,1.05,0.2,2.4,331,720,20.8,0,0.18,73.2,160,0.48,1,9.9,1.7,11,Amount per 100 g. of edible portion
28,Chana (Bengal Gram)(roasted),b,,58,369,58.1,113,0,0,0,0,5.2,1,22,9.5,0,0,0,1.3,340,0,22.5,0,0,0,0,0.2,0,10.7,0,9,Amount per 100 g. of edible portion
29,"Chandva (Pomfret, White Fish)",s,nv,200,87,1.8,0,0,0,0,0,1.3,0,0,0.9,0,0,0,2.6,290,0,17,0,0.15,0,0,0,0,78.4,0,0,Amount per 100 g. of edible portion
30,"Charoli, Chirongi (Piyal Seeds)",s,,279,656,12.1,0,25,0,0,0.86,59.1,3.8,0,8.5,373,0,0,1.5,528,4.36,19,0,0.53,10.2,156,0.68,5,3,0,0,Amount per 100 g. of edible portion
31,Chavli (Cow Peas),,,77,323,54.5,12,10,202,0.03,0.87,1,3.8,69,8.6,210,1.34,1.89,1.3,414,1131,24.1,0,0.2,23.2,165,0.51,0,13.4,4.6,1,Amount per 100 g. of edible portion
32,Cheeni (Sugar ),,,12,398,99.4,0,0,0,0,0,0,0,0,0.15,0,0,0,0,1,0,0.1,0,0,0,0,0,0,0.4,0,0,Amount per 100 g. of edible portion
33,Cheese,,,790,348,6.3,82,0,0,0,0,25.1,0,0,2.1,0,0,0,0,520,0,24.1,0,0,0,0,0,0,40.3,0,7,Amount per 100 g. of edible portion
34,Chikoo (Sapota),f,,28,98,21.4,97,26,0,0.01,0.08,1.1,2.6,0,1.25,25,0.68,0,0.2,27,269,0.7,0,0.03,5.9,17,0.02,6,73.7,0.16,8,Amount per 100 g. of edible portion
35,Chukandar (Beet Root),f,,18.3,43,8.8,0,24,242,0.01,0.3,0.1,0.9,0,1.2,9,0.2,0,0.4,55,43,1.7,0,0.09,60,14,0.04,10,87.8,0.9,0,Amount per 100 g. of edible portion
36,Dahi (Curd) (Cow),,,150,60,3,31,0,0,0,0,4,0,3.3,0.2,0,0,0,0.1,93,130,3.1,0,0.16,32,0,0.05,1,89.1,0,3,Amount per 100 g. of edible portion
37,Dhania Patta (Coriander Leaves),,,184,44,6.3,6918,43,0,0.01,0.14,0.6,1.2,0,1.4,31,0.5,1.12,0.8,71,256,3.3,0,0.06,58.3,50,0.05,135,86.3,0.32,577,Amount per 100 g. of edible portion
38,Doodh (Milk) (Buffalo),j,,210,117,5,48,0,0,0,0,6.5,0,3.5,0.2,0,0,0,0.1,130,90,4.3,0,0.1,19,0,0.04,1,81,0,4,Amount per 100 g. of edible portion
39,Doodh (Milk) (Cow),j,,120,67,4.4,53,0,0,0,0,4.1,0,5.6,0.2,0,0,0,0.1,90,140,3.2,0,0.19,73,0,0.05,2,87.5,0,4,Amount per 100 g. of edible portion
40,Doodh (Milk) Powder (Skimmed),,,1370,357,51,0,0,0,0,0,0.1,0,0,1.4,0,0,0,1,1000,0,38,0,1.64,0,0,0.5,5,4.1,0,0,Amount per 100 g. of edible portion
41,Doodh Maa ka (Milk Human),,,28,65,7.4,41,0,0,0,0,3.4,0,1.3,0,0,0,0,0,11,0,1.1,0,0.02,0,0,0.02,3,88,0,3,Amount per 100 g. of edible portion
42,"Dudhi, Louki (Bottle Gourd)",,,20,12,2.5,0,5,0,0.05,0.03,0.1,0.6,0,0.46,26,0.06,0,0.2,10,87,0.2,0,0.01,1.8,10,0.03,0,96.1,0.22,0,Amount per 100 g. of edible portion
43,Gajar (Carrot),f,,80,48,10.6,7890,13,168,0.02,0.1,0.2,1.2,5,1.03,17,0.16,0,0.6,530,108,0.9,0,0.02,35.6,27,0.04,0,0,0,0,Amount per 100 g. of edible portion
44,Ganna (Cane) (Juice),j,,10,39,9.1,0,0,0,0,0,0.2,0,0,0.1,0,0,0,0,10,0,0.1,0,0,0,0,0,0,90.2,0,0,Amount per 100 g. of edible portion
45,Gawar (Cluster Beans),s,,130,16,10.8,198,0,0,0,0.08,0.4,3.2,50,1.1,47,0.1,0,0,57,0,3.2,0,0.03,0,0,0.09,49,81,0.36,17,Amount per 100 g. of edible portion
46,Genhoo (Wheat),,,41,346,71.2,64,47,0,0.01,0.68,1.5,1.2,14,5.3,138,2.3,0.05,5.5,306,284,11.8,0.57,0.17,17,128,0.45,0,12.8,2.7,5,Amount per 100 g. of edible portion
47,Ghee,,,0,900,0,600,0,0,0,0,100,0,0,0,0,0,0,0,0,0,0,0,0,0,0,0,0,0,0,50,Amount per 100 g. of edible portion
48,Gobhi (Cabbage),s,,39,27,4.6,120,0,120,0.01,0.02,0.1,1,13,0.8,31,0.18,0.08,0.4,44,0,1.8,0,0.09,0,0,0.06,124,91.9,0.3,10,Amount per 100 g. of edible portion
49,Gur (Jaggery),,,80,383,95,0,0,0,0,0,0.1,0,0,2.64,0,0,0,0,40,0,0.4,0,0,0,0,0,0,3.9,0,0,Amount per 100 g. of edible portion
50,Halim (Garden Cress Seeds),,,377,454,33,27,41,0,0,0,24.5,7.6,0,100,430,0,0,14,723,0,25.3,0,0.61,0,1,0.59,0,3.2,0,2,Amount per 100 g. of edible portion
51,Halwa Fish (Pomfret Black Fish),,,286,111,1.5,0,0,0,0,0,2.6,0,0,2.3,0,0,0,0,306,0,20.3,0,0,0,0,0,0,74.5,0,0,Amount per 100 g. of edible portion
52,Jamun(Jambu Fruit),f,,286,111,1.5,0,0,0,0,0,2.6,0,0,2.3,0,0,0,0,306,0,20.3,0,0,0,0,0,0,74.5,0,0,Amount per 100 g. of edible portion
53,Jowar,,,25,349,72.6,47,44,0,0.01,0.46,1.9,1.6,14,4.1,171,0.78,0.04,3.1,222,131,10.4,0.2,0.13,7.3,54,0.37,0,11.9,1.6,4,Amount per 100 g. of edible portion
54,Kaaju (Cashew),f,,25,349,72.6,47,44,0,0.01,0.46,1.9,1.6,14,4.1,171,0.78,0.04,3.1,222,131,10.4,0.2,0.13,7.3,54,0.37,0,11.9,1.6,4,Amount per 100 g. of edible portion
55,Kaddu (Pumpkin),,,50,596,22.3,60,0,0,0.16,1.66,46.9,1.3,0,5.8,349,1.42,0,1.2,450,0,21.2,0,0.19,0,0,0.63,0,5.9,5.99,5,Amount per 100 g. of edible portion
56,Kakdi (Cucumber),f,,10,25,4.6,50,4,136,0.01,0.05,0.1,0.7,3,0.44,38,0.05,0,0.5,30,1.39,1.4,0,0.04,5.6,16,0.06,2,92.6,0.26,4,Amount per 100 g. of edible portion
57,Kala Til (Niger Seeds),,,10,13,2.5,0,15,0,0,0.09,0.1,0.4,12,0.6,14,0.14,0.07,0.2,25,50,0.4,0,0,10.2,17,0.03,7,96.3,0.23,0,Amount per 100 g. of edible portion
58,Karela (Bitter Gourd),,,20,25,4.2,126,8,0,0.01,0.1,0.2,0.8,0,0.6,36,0.08,0,0.5,70,152,1.6,0,0.09,17.8,15,0.07,88,92.4,0.46,11,Amount per 100 g. of edible portion
59,Katahal (Jackfruit),s,,20,88,19.8,175,9,0,0.01,0.12,0.1,1.1,0,0.56,24,0.06,0,0.4,41,0,1.9,0,0.13,0,69,0.03,7,76.2,0.07,15,Amount per 100 g. of edible portion
60,Kela (Banana) (Raw),s,,10,64,14,30,6,0,0,0.03,0.2,0.7,1.6,6.3,13,0.03,0,0.3,29,358,1.4,0,0.02,15,15,0.05,24,83.2,0.05,3,Amount per 100 g. of edible portion
61,Kela (Banana)(Ripe),f,,17,116,27.2,78,8,0,0,0.16,0.3,0.4,0,0.36,41,0.2,0,0.5,36,358,1.2,0,0.08,36.6,7,0.05,7,70.1,0.15,7,Amount per 100 g. of edible portion
62,Kenkra (Crab),s,nv,1606,169,9.1,0,0,0,0,0,9.8,0,0,0,0,0,0,0,253,0,11.2,0,0,0,0,0,0,65.3,0,0,Amount per 100 g. of edible portion
63,Kenkra (Crab) (Muscle),,,1370,59,3.3,780,0,0,0,0,1.1,0,0,21.2,0,0,0,3.1,150,0,8.9,0,0,0,0,0,0,83.5,0,65,Amount per 100 g. of edible portion
64,Khajur (Dates) (Dry),f,,120,317,75.8,26,0,0,0,0,0.4,3.9,0,7.3,0,0,0,0.9,50,0,2.5,0,0.02,0,0,0.01,3,15.3,0,2,Amount per 100 g. of edible portion
65,Khajur (Dates)(Fresh),f,,22,144,33.8,0,0,0,0,0.05,0.4,3.7,0,0.96,12,0.03,0,0,38,0,1.2,0,0,0,0,0,0,59.2,0.03,0,Amount per 100 g. of edible portion
66,Kharabuja (Musk Melon),f,,32,17,3.5,169,80,0,0,0.03,0.2,0.4,0,1.4,31,0,0,0.3,14,341,0.3,0,0.08,105,32,0.11,26,95.2,0,14,Amount per 100 g. of edible portion
67,Khopra (Coconut) (Dry),f,,400,662,18.4,0,0,0,0,1,62.3,6.6,15,7.8,0,6.24,0.02,3,210,0,6.8,0,0.01,0,0,0.08,7,4.3,5,0,Amount per 100 g. of edible portion
68,"Kismis, Munakka (Black Currants)",f,,130,316,75.2,21,0,0,0,0,0.5,1,0,8.5,0,0,0,0.4,110,0,2.7,0,0.14,0,0,0.03,1,18.4,0,2,Amount per 100 g. of edible portion
69,Kulthi (Horse Gram),b,,287,221,57.2,71,8,0,0.02,1.81,0.5,5.3,0,6.77,156,1.57,0.75,1.5,311,762,22,0,0.2,11.5,181,0.42,1,11.8,2.8,6,Amount per 100 g. of edible portion
70,Kurmura (Puffed Rice),,,23,325,73.6,0,0,0,0,0,0.1,0.3,0,6.6,0,0,0,4.1,150,0,7.5,0,0.01,0,0,0.21,0,14.7,0,0,Amount per 100 g. of edible portion
71,Lahsoon (Garlic),,,30,145,29.8,0,0,0,0.02,0.63,0.1,0.8,0,1.2,71,0.86,0,0.4,310,0,6.3,0,0.23,0,0,0.06,13,62,1.93,0,Amount per 100 g. of edible portion
72,Maava (Khoa) (Whole Buff. Milk),,,650,421,20.5,0,0,0,0,0,31.2,0,0,5.8,0,0,0,0,420,0,14.6,0,0,0,0,0,0,30.6,0,0,Amount per 100 g. of edible portion
73,Madhu (Honey),,,5,319,79.5,0,0,0,0,0,0,0,0,0.7,0,0,0,0,16,0,0.3,0,0,0,0,0,0,20.6,0,0,Amount per 100 g. of edible portion
74,Maida (Refined fluor),,,23,348,73.9,25,47,0,0,0.2,0.9,0.3,0,2.7,54,0.62,0.01,2.4,121,130,11,0,0.07,9.3,115,0.12,0,13.3,0.6,2,Amount per 100 g. of edible portion
75,Maka (Maize),,,10,342,66.2,90,33,0,0,0.4,3.6,2.7,14,2.3,139,0.48,0.04,1.8,348,286,11.1,0,0.1,16,114,0.42,0,14.9,2.8,8,Amount per 100 g. of edible portion
76,Makkhan (Butter),,,0,729,0,960,0,0,0,0,81,0,0,0,0,0,0,0,0,0,0,0,0,0,0,0,0,19,0,80,Amount per 100 g. of edible portion
77,Masur (Lentil),s,,59,343,69,270,19,300,0.02,1.87,0.7,0.7,14,7.58,80,1.04,0.17,2.6,293,630,25.1,0,0.2,40,104,0.45,0,12.4,2.8,23,Amount per 100 g. of edible portion
78,Matki (Moth Beans),,,202,330,56.5,9,9,0,0,0.85,1.1,4.5,0,9.5,225,0,0,1.5,230,1096,23.6,0,0.1,29.5,180,0.45,2,10.8,0,1,Amount per 100 g. of edible portion
79,Meetha Tel (Cooking oil),,,0,900,0,0,0,0,0,0,100,0,0,0,0,0,0,0,0,0,0,0,0,0,0,0,0,0,0,0,Amount per 100 g. of edible portion
80,Methi (Fenugreek) Seeds,,,160,333,44.1,96,0,1161,0.06,0.7,5.8,7.2,14,6.5,124,1.03,0,1.1,370,530,26.2,0,0.29,19,0,0.34,0,13.7,3.08,8,Amount per 100 g. of edible portion
81,Methi Sabji (Fenugreek Leaves),,,395,49,6,2340,165,0,0.01,0.1,0.9,1.1,0,1.93,33,0.23,0.4,0.8,51,31,4.4,0,0.31,76.1,167,0.04,52,86.1,0.36,195,Amount per 100 g. of edible portion
82,Mooli (Radish),f,,35,17,3.4,3,0,63,0,0.4,0.1,0.8,0,0.4,0,0,0,0.5,22,138,0.7,0,0.02,33,0,0.06,15,94.4,0,0,Amount per 100 g. of edible portion
83,Moong (Green Gram) (Whole),,,124,334,56.7,94,12,167,0.01,0.4,1.3,4.1,0,4.4,127,2.47,0.3,2.1,326,843,24,0,0.27,28,188,0.47,0,10.4,3,8,Amount per 100 g. of edible portion
84,Moong (Green Gram) Daal,s,,75,348,59.9,49,25,0,0.01,0.4,1.2,0.8,24,3.9,122,1.02,0.45,2.4,405,1150,24.5,0,0.21,27.2,214,0.47,0,10.1,2.8,4,Amount per 100 g. of edible portion
85,Moongphalli (Groundnut) (Roasted),b,,77,570,26.7,0,0,0,0,0,49.8,3.1,0,3.1,0,0,0,22,370,0,26.2,0,0.13,0,0,0.39,0,1.7,0,0,Amount per 100 g. of edible portion
86,"Moongphalli (Groundnut, Peanut)",,,90,567,26.1,37,0,224,0.05,0.9,40.1,3.1,16,2.5,184,1.1,0.17,20,350,332,25.3,0.35,0.13,18,0,0.9,0,3,3.9,3,Amount per 100 g. of edible portion
87,Mosambi (Sweet Lime),f,,40,43,9.3,0,0,0,0,0.17,0.3,0.5,0,0.7,0,0,0,0,30,490,0.8,0,0,0,0,0,50,88.4,0,0,Amount per 100 g. of edible portion
88,Mutter (Peas)(Tender),,,20,93,15.9,83,20,20,0,0.23,0.1,4,0,1.5,34,0,0,0.8,139,79,7.2,0,0.01,7.8,95,0.25,9,72.9,0,7,Amount per 100 g. of edible portion
89,Narial (Coconut) (Fresh),f,,10,444,13,0,0,0,0,0,41.6,3.6,11,1.7,0,0,0,0.8,240,0,4.5,0,0.1,0,0,0.05,1,36.3,0,0,Amount per 100 g. of edible portion
90,Narial (Coconut) (Tender),,,10,41,6.3,0,0,0,0,0,1.4,0,0,0.9,0,0,0,0,30,0,0.9,0,0,0,0,0,0,90.8,0,0,Amount per 100 g. of edible portion
91,Neembu (Lemon),j,,70,57,11.1,0,0,0,0.01,0.06,0.9,1.7,0,0.26,19,0.07,0,0.1,10,270,1,0,0.01,0,0,0.02,39,85,0.07,0,Amount per 100 g. of edible portion
92,Neera,,,0,45,11,0,0,0,0,0,0,0,0,0.1,0,0,0,0,140,0,0.4,0,0,0,0,0,0,90,0,0,Amount per 100 g. of edible portion
93,Paapdi (Double Beans),,,40,85,12.3,0,0,0,0,0,0.3,4.3,0,2.3,0,0,0,0,140,0,8.3,0,0,0,0,0,22,73.8,0,0,Amount per 100 g. of edible portion
94,Palak Sabji (Spinach),s,,73,26,2.9,5580,54,0,0.01,0.1,0.7,0.6,51,1.1,64,0.56,0.01,0.5,21,206,2,0,0.26,58.5,30,0.03,28,92.1,0.3,465,Amount per 100 g. of edible portion
95,Papita (Papaya),f,,17,32,7.2,666,11,0,0,0.2,0.1,0.8,0,0.5,11,0,0,0.2,13,69,0.6,0,0.25,6,13,0.04,57,90.8,0,56,Amount per 100 g. of edible portion
96,Pear (Nashpati),f,,8,52,11.9,28,1,0,0,0.4,0.2,1,0,0.5,7,0,0,0.2,15,96,0.6,0,0.03,6.1,14,0.06,0,86,0,2,Amount per 100 g. of edible portion
97,Peas (Dry),,,75,315,56.5,39,59,235,0.03,1.3,1.1,4.5,4.6,7.05,100,0.58,0.64,3.4,298,725,19.7,0,0.19,20.4,190,0.47,0,16,2.3,3,Amount per 100 g. of edible portion
98,"Peru, Amrood (Guava)",f,,10,51,11.2,0,4,0,0.01,0.14,0.3,5.2,0,0.27,24,0.14,0,0.4,28,91,0.9,0,0.03,5.5,14,0.03,212,81.7,0.16,0,Amount per 100 g. of edible portion
99,Phool gobhi (Cauliflower),s,,33,30,4,30,34,127,0,0.13,0.4,1.2,0,1.23,18,0.1,0,1,57,138,2.6,0,0.1,53,231,0.04,56,90.8,0.4,3,Amount per 100 g. of edible portion
100,Phool Gobhi Patta (Cauliflower Leaves),,,626,66,7.6,0,0,0,0,0,1.3,2,0,40,0,0,0,0,107,0,5.9,0,0,0,0,0,0,80,0,0,Amount per 100 g. of edible portion
101,Pista (Pistachio Nut),f,,140,626,16.2,144,0,0,0,0,53.5,2.1,0,7.7,0,0,0,2.3,430,0,19.8,0,0.28,0,0,0.67,0,5.6,0,12,Amount per 100 g. of edible portion
102,Poha (Rice Flakes),,,20,346,77.3,0,17,0,0,0.37,1.2,0.7,0,20,101,0,0,4,238,154,6.6,0,0.05,11,105,0.21,0,12.2,0,0,Amount per 100 g. of edible portion
103,Prawns(Kolambi) Fish,s,nv,323,89,0.8,0,0,542,0,0,1,0,0,5.3,0,0,0,4.8,278,262,19.1,0,0.1,66,0,0.01,0,77.4,0,0,Amount per 100 g. of edible portion
104,Pyaj (Onion),,,47,50,11.1,0,0,0,0.01,0.18,0.1,0.6,1.5,0.6,16,0.18,0.03,0.4,50,127,1.2,0,0.01,4,0,0.08,11,86.6,0.41,0,Amount per 100 g. of edible portion
105,Pyaj ka patta (Onion Leaves),,,50,41,8.9,595,7,0,0.04,0.45,0.2,1.6,0,7.4,104,0.74,0,0.3,50,0.01,0.9,0,0.03,2.2,33,0,17,87.6,2.29,50,Amount per 100 g. of edible portion
106,Ragi (Finger Millet),,,344,328,72,42,44,0,0.03,0.47,1.3,3.6,5.2,3.9,137,5.5,0.1,1.1,283,408,7.3,0,0.19,11,160,0.42,0,13.1,2.3,4,Amount per 100 g. of edible portion
107,Rai (Mustard),,,490,541,23.8,162,0,211,0.06,0.83,39.7,1.8,0,7.9,0,2.56,0.09,4,700,0,20,0,0.26,0,0,0.65,0,8.5,4.8,14,Amount per 100 g. of edible portion
108,Rajma (French Beans) (Dry),s,,260,346,50.6,0,0,0,0.03,1.45,1.3,4.8,0,5.1,184,1.6,0,0,410,0,22.9,0,0,0,0,0,0,12,4.5,0,Amount per 100 g. of edible portion
109,Ravas Fish (Guchhai),s,nv,405,112,3.3,0,0,0,0,0,1.1,0,0,2,0,0,0,0,335,0,22.2,0,0,0,0,0,0,71.4,0,0,Amount per 100 g. of edible portion
110,"Rawa, Sooji (Semolina)",,,16,348,74.8,0,0,0,0,0,0.8,0.2,0,1.6,0,0,0,1.6,102,83,10.4,0,0.03,21,0,0.12,0,13,0,0,Amount per 100 g. of edible portion
111,Rhepti Fish (sole fish) (Malabar),,,1072,120,0,0,0,0,0,0,4.7,0,0,0.5,0,0,0,0,524,0,19.5,0,0,0,0,0,0,78,0,0,Amount per 100 g. of edible portion
112,Rice(handpounded),,,10,346,76.7,2,0,77,0,0,1,0.6,0,3.2,0,0,0,3.9,190,0,7.5,0,0.16,0,0,0.21,0,13.3,0,0,Amount per 100 g. of edible portion
113,Rice(Milled),,,10,345,78.2,0,0,0,0,0.14,0.5,0.2,4.1,0.7,90,0.6,0.06,1.9,160,0,6.8,0,0.06,0,0,0.06,0,13.7,1.4,0,Amount per 100 g. of edible portion
114,Sabudana (Sago),,,10,351,87.1,0,0,0,0,0,0.2,0,0,1.3,0,0,0,0,10,0,0.2,0,0,0,0,0,0,12.2,0,0,Amount per 100 g. of edible portion
115,Saijan ki Phalli (Drumsticks),,,30,26,3.7,110,423,0,0,0.01,0.1,4.8,0,0.18,28,0.05,0,0.2,110,260,2.5,0,0.07,0,137,0.05,120,87,0.16,9,Amount per 100 g. of edible portion
116,Santra (Orange),f,,26,48,10.9,1104,5,0,0,0.58,0.2,0.3,0,0.32,9,0,0,0,20,9.3,0.7,0,0,4.5,7,0,30,87.6,0,92,Amount per 100 g. of edible portion
117,Santra Ras (Orange Juice),j,,5,9,1.9,15,0,0,0,0,0.1,0,0,0.7,0,0,0,0.4,9,0,0.2,0,0.02,0,0,0.06,64,97.7,0,1,Amount per 100 g. of edible portion
118,Sardine(Pedva),s,nv,90,101,0,0,0,0,0,0,1.9,0,0,2.5,0,0,0,2.6,360,0,21,0,0,0,0,0,0,78.1,0,0,Amount per 100 g. of edible portion
119,Seetafal (Cust. Apple),f,,17,104,23.5,0,0,0,0.03,0.43,0.4,3.1,0,4.3,84,0.64,0,1.3,37,0,1.6,0,0.17,0,0,0.07,37,70.5,0.8,0,Amount per 100 g. of edible portion
120,Shakarkand (Sweet Potato),f,,46,120,28.2,6,0,0,0.01,0.02,0.3,0.8,0,0.2,27,0.22,0,0.7,50,393,1.2,0,0.04,9,0,0.08,24,68.5,0.11,1,Amount per 100 g. of edible portion
121,Shark(Waghsheer),,,357,93,0.8,0,0,0,0,0,0.4,0,0,1.4,0,0,0,2.5,262,0,21.6,0,0,0,0,0,0,76,0,0,Amount per 100 g. of edible portion
122,Shepu Bhaji,,,190,37,5.2,7182,0,25,0,0,0.5,1.1,0,17.4,0,0,0,0.2,42,0,3,0,0.13,0,0,0.03,0,88,0,599,Amount per 100 g. of edible portion
123,Simlamirchi (Capsicum),,,10,24,4.3,427,0,0,0.01,0.12,0.3,1,0,0.57,12,0.06,0,0.1,30,0,1.3,0,0.05,0,0,0.55,137,92.4,0.13,36,Amount per 100 g. of edible portion
124,Singhala (Arius Dussumieri) Fish,s,nv,71,126,0,0,0,0,0,0,4,0,0,5.4,0,0,0,1.2,572,0,22.5,0,0,0,0,0,0,72.7,0,0,Amount per 100 g. of edible portion
125,"Skimmed milk, Liquid",,,120,29,4.6,0,0,0,0,0,0.1,0,0,0.2,0,0,0,0.1,90,0,2.5,0,0,0,0,0,1,92.1,0,0,Amount per 100 g. of edible portion
126,Soyabean (White) Seeds,s,,240,432,20.9,426,0,0,0.03,1.12,19.5,3.7,8.6,10.4,175,2.11,0,3.2,690,0,43.2,0,0.39,0,0,0.73,0,8.1,3.4,36,Amount per 100 g. of edible portion
127,Surmai Dry,,,148,210,0,0,0,0,0,0,6.2,0,0,4.2,0,0,0,0,172,0,38.6,0,0,0,0,0,0,43.3,0,0,Amount per 100 g. of edible portion
128,Surmai Fresh,,,92,92,0,0,0,0,0,0,1.4,0,0,2,0,0,0,0,161,0,20,0,0,0,0,0,0,63,0,0,Amount per 100 g. of edible portion
129,Toori (Toddy),s,,150,59,14.3,0,0,0,0,0,0.3,0,0,0.3,0,0,0,0,10,0,0.1,0,0,0,0,0,0,84.7,0,0,Amount per 100 g. of edible portion
130,Tamatar (Tomato),,,48,20,3.6,351,6,0,0.02,0.19,0.2,0.8,14,0.65,0,0.26,0,0.4,20,146,0.9,0,0.06,12.9,11,0.12,27,94,0.41,29,Amount per 100 g. of edible portion
131,Tamatar (Tomato)(Green),,,20,23,3.6,192,38,0,0,0.19,0.1,0.7,0,1.8,15,0,0,0.4,36,1.14,1.9,0,0.01,45.8,24,0.07,31,93.1,0,16,Amount per 100 g. of edible portion
132,Tamda Maasa (Rohu) (Labeo Rohita),,,650,97,4.4,0,3,819,0,0.13,1.4,0,0,1,13,0,0,0.7,175,288,16.6,0,0.07,101,103,0.05,22,76.7,0,0,Amount per 100 g. of edible portion
133,Til (Sesame Seeds),,,1450,563,25,60,0,0,12.2,0,43.3,2.9,51,9.3,0,2.3,1.32,4.4,570,0,18.3,0,0.34,0,0.09,1.01,0,5.3,0.2,5,Amount per 100 g. of edible portion
134,"Tondli, Konduri (Kovai)",,,40,18,3.1,156,0,0,0,0.01,0.1,1.6,18,0.38,36,0.22,0,0.7,30,0,1.2,0,0.08,0,0,0.07,15,93.5,0.26,13,Amount per 100 g. of edible portion
135,Toria (Ridge Gourd),,,18,17,3.4,33,7,0,0,0.08,0.1,0.5,0,0.4,32,0.07,0,0.2,26,50,0.5,0,0.01,3,14,0,5,95.2,0.38,3,Amount per 100 g. of edible portion
136,Torli (Sardine) Fish,,,357,97,0.1,0,0,0,0,0,2,0,0,6.1,0,0,0,0,349,0,19.6,0,0,0,0,0,0,76.5,0,0,Amount per 100 g. of edible portion
137,Udad (Black Gram) Daal,,,154,347,59.6,38,9,206,0.01,0.93,1.4,0.9,24,3.8,130,0.96,0.43,2,385,800,24,0,0.2,39.8,174,0.42,0,10.9,3,3,Amount per 100 g. of edible portion
138,Vanspati (Hydrogenated Fat),,,0,900,0,0,0,0,0,0,100,0,0,0,0,0,0,0,0,0,0,0,0,0,0,0,0,0,0,0,Amount per 100 g. of edible portion